{
  "annotations": {
    "list": [
      {
        "builtIn": 1,
        "datasource": "-- Grafana --",
        "enable": true,
        "hide": true,
        "iconColor": "rgba(0, 211, 255, 1)",
        "name": "Annotations & Alerts",
        "type": "dashboard"
      }
    ]
  },
  "editable": true,
  "gnetId": null,
  "graphTooltip": 0,
  "id": 7,
  "iteration": 1589079830881,
  "links": [],
  "panels": [
    {
      "aliasColors": {},
      "bars": false,
      "dashLength": 10,
      "dashes": false,
      "datasource": null,
      "description": "Number of AX25 frames",
      "fill": 1,
      "fillGradient": 0,
      "gridPos": {
        "h": 4,
        "w": 8,
        "x": 0,
        "y": 0
      },
      "hiddenSeries": false,
      "id": 2,
      "interval": "10s",
      "legend": {
        "avg": false,
        "current": false,
        "max": false,
        "min": false,
        "show": false,
        "total": false,
        "values": false
      },
      "lines": true,
      "linewidth": 1,
      "nullPointMode": "null",
      "options": {
        "dataLinks": []
      },
      "percentage": false,
      "pointradius": 2,
      "points": false,
      "renderer": "flot",
      "seriesOverrides": [],
      "spaceLength": 10,
      "stack": false,
      "steppedLine": false,
      "targets": [
        {
          "alias": "Packets",
          "groupBy": [
            {
              "params": [
                "$__interval"
              ],
              "type": "time"
            },
            {
              "params": [
                "null"
              ],
              "type": "fill"
            }
          ],
          "measurement": "ax25_listen",
          "orderByTime": "ASC",
          "policy": "default",
          "refId": "A",
          "resultFormat": "time_series",
          "select": [
            [
              {
                "params": [
                  "interface"
                ],
                "type": "field"
              },
              {
                "params": [],
                "type": "count"
              }
            ]
          ],
          "tags": [
            {
              "key": "callsign",
              "operator": "=~",
              "value": "/^$callsign$/"
            }
          ]
        }
      ],
      "thresholds": [],
      "timeFrom": null,
      "timeRegions": [],
      "timeShift": null,
      "title": "Frames",
      "tooltip": {
        "shared": true,
        "sort": 0,
        "value_type": "individual"
      },
      "type": "graph",
      "xaxis": {
        "buckets": null,
        "mode": "time",
        "name": null,
        "show": true,
        "values": []
      },
      "yaxes": [
        {
          "format": "short",
          "label": null,
          "logBase": 1,
          "max": null,
          "min": null,
          "show": true
        },
        {
          "format": "short",
          "label": null,
          "logBase": 1,
          "max": null,
          "min": null,
          "show": true
        }
      ],
      "yaxis": {
        "align": false,
        "alignLevel": null
      }
    },
    {
      "aliasColors": {},
      "bars": true,
      "dashLength": 10,
      "dashes": false,
      "datasource": null,
      "description": "Number of bytes sent by each station. Hover over the bars for individual details.",
      "fill": 1,
      "fillGradient": 0,
      "gridPos": {
        "h": 15,
        "w": 16,
        "x": 8,
        "y": 0
      },
      "hiddenSeries": false,
      "id": 4,
      "interval": "60s",
      "legend": {
        "alignAsTable": true,
        "avg": false,
        "current": false,
        "hideEmpty": true,
        "hideZero": true,
        "max": false,
        "min": false,
        "rightSide": true,
        "show": true,
        "total": false,
        "values": false
      },
      "lines": false,
      "linewidth": 1,
      "nullPointMode": "null as zero",
      "options": {
        "dataLinks": []
      },
      "percentage": false,
      "pointradius": 2,
      "points": false,
      "renderer": "flot",
      "seriesOverrides": [],
      "spaceLength": 10,
      "stack": true,
      "steppedLine": false,
      "targets": [
        {
          "alias": "$tag_callsign",
          "groupBy": [
            {
              "params": [
                "10m"
              ],
              "type": "time"
            },
            {
              "params": [
                "callsign"
              ],
              "type": "tag"
            },
            {
              "params": [
                "null"
              ],
              "type": "fill"
            }
          ],
          "measurement": "ax25_listen",
          "orderByTime": "ASC",
          "policy": "default",
          "query": "SELECT count(\"utime\") AS \"Frames\", last(\"system\") AS \"System\" FROM \"ax25_packet\" WHERE $timeFilter GROUP BY \"source\"",
          "rawQuery": false,
          "refId": "A",
          "resultFormat": "time_series",
          "select": [
            [
              {
                "params": [
                  "length"
                ],
                "type": "field"
              },
              {
                "params": [],
                "type": "sum"
              }
            ]
          ],
          "tags": [
            {
              "key": "callsign",
              "operator": "=~",
              "value": "/^$callsign$/"
            }
          ]
        }
      ],
      "thresholds": [],
      "timeFrom": null,
      "timeRegions": [],
      "timeShift": null,
      "title": "Traffic per station",
      "tooltip": {
        "shared": false,
        "sort": 1,
        "value_type": "individual"
      },
      "type": "graph",
      "xaxis": {
        "buckets": null,
        "mode": "time",
        "name": null,
        "show": true,
        "values": []
      },
      "yaxes": [
        {
          "format": "short",
          "label": "Bytes",
          "logBase": 1,
          "max": null,
          "min": null,
          "show": true
        },
        {
          "format": "short",
          "label": null,
          "logBase": 1,
          "max": null,
          "min": null,
          "show": true
        }
      ],
      "yaxis": {
        "align": false,
        "alignLevel": null
      }
    },
    {
      "columns": [],
      "datasource": null,
      "fontSize": "100%",
      "gridPos": {
        "h": 5,
        "w": 8,
        "x": 0,
        "y": 4
      },
      "id": 10,
      "maxPerRow": 4,
      "pageSize": null,
      "repeat": null,
      "repeatDirection": "h",
      "showHeader": true,
      "sort": {
        "col": 1,
        "desc": true
      },
      "styles": [
        {
          "alias": "Time",
          "align": "auto",
          "dateFormat": "YYYY-MM-DD HH:mm:ss",
          "pattern": "Time",
          "type": "hidden"
        },
        {
          "alias": "",
          "align": "center",
          "colorMode": null,
          "colors": [
            "rgba(245, 54, 54, 0.9)",
            "rgba(237, 129, 40, 0.89)",
            "rgba(50, 172, 45, 0.97)"
          ],
          "dateFormat": "YYYY-MM-DD HH:mm:ss",
          "decimals": 2,
          "mappingType": 1,
          "pattern": "/.*/",
          "thresholds": [],
          "type": "number",
          "unit": "short"
        },
        {
          "alias": "Peer",
          "align": "center",
          "colorMode": null,
          "colors": [
            "rgba(245, 54, 54, 0.9)",
            "rgba(237, 129, 40, 0.89)",
            "rgba(50, 172, 45, 0.97)"
          ],
          "decimals": 2,
          "pattern": "distinct",
          "thresholds": [],
          "type": "string",
          "unit": "short"
        }
      ],
      "targets": [
        {
          "groupBy": [],
          "measurement": "ax25_listen",
          "orderByTime": "ASC",
          "policy": "default",
          "query": "SELECT distinct(\"destination\") FROM \"ax25_listen\" WHERE (\"callsign\" =~ /^$callsign$/) AND $timeFilter GROUP BY \"callsign\"",
          "rawQuery": true,
          "refId": "A",
          "resultFormat": "table",
          "select": [
            [
              {
                "params": [
                  "destination"
                ],
                "type": "field"
              }
            ],
            [
              {
                "params": [
                  "\"callsign\""
                ],
                "type": "field"
              }
            ]
          ],
          "tags": [
            {
              "key": "callsign",
              "operator": "=~",
              "value": "/^$callsign$/"
            }
          ]
        }
      ],
      "timeFrom": null,
      "timeShift": null,
      "title": "Destinations",
      "transform": "table",
      "type": "table"
    },
    {
      "columns": [],
      "datasource": null,
      "description": "Stations received directly (determined as stations where we have an empty \"repeated\" path",
      "fontSize": "100%",
      "gridPos": {
        "h": 6,
        "w": 5,
        "x": 0,
        "y": 9
      },
      "id": 20,
      "interval": "",
      "pageSize": null,
      "showHeader": true,
      "sort": {
        "col": 1,
        "desc": false
      },
      "styles": [
        {
          "alias": "Time",
          "align": "auto",
          "dateFormat": "YYYY-MM-DD HH:mm:ss",
          "pattern": "Time",
          "type": "hidden"
        },
        {
          "alias": "Callsign",
          "align": "center",
          "colorMode": null,
          "colors": [
            "rgba(245, 54, 54, 0.9)",
            "rgba(237, 129, 40, 0.89)",
            "rgba(50, 172, 45, 0.97)"
          ],
          "decimals": 2,
          "pattern": "distinct",
          "thresholds": [],
          "type": "number",
          "unit": "short"
        }
      ],
      "targets": [
        {
          "alias": "callsign",
          "groupBy": [
            {
              "params": [
                "$__interval"
              ],
              "type": "time"
            },
            {
              "params": [
                "null"
              ],
              "type": "fill"
            }
          ],
          "measurement": "ax25_listen",
          "orderByTime": "ASC",
          "policy": "default",
          "query": "select distinct(\"callsign\") from (select * from ax25_listen WHERE $timeFilter  fill(-1) ) where ax25path_repeated=-1 AND $timeFilter",
          "rawQuery": true,
          "refId": "A",
          "resultFormat": "table",
          "select": [
            [
              {
                "params": [
                  "value"
                ],
                "type": "field"
              },
              {
                "params": [],
                "type": "mean"
              }
            ]
          ],
          "tags": []
        }
      ],
      "timeFrom": null,
      "timeShift": null,
      "title": "Stations heard direct",
      "transform": "table",
      "type": "table"
    },
    {
      "datasource": null,
      "description": "Total number of bytes sent by all the stations over this time period",
      "gridPos": {
        "h": 4,
        "w": 3,
        "x": 5,
        "y": 9
      },
      "id": 6,
      "options": {
        "colorMode": "value",
        "fieldOptions": {
          "calcs": [
            "sum"
          ],
          "defaults": {
            "mappings": [],
            "thresholds": {
              "mode": "absolute",
              "steps": [
                {
                  "color": "green",
                  "value": null
                },
                {
                  "color": "red",
                  "value": 1000
                }
              ]
            }
          },
          "overrides": [],
          "values": false
        },
        "graphMode": "area",
        "justifyMode": "auto",
        "orientation": "auto"
      },
      "pluginVersion": "6.7.3",
      "targets": [
        {
          "groupBy": [
            {
              "params": [
                "$__interval"
              ],
              "type": "time"
            },
            {
              "params": [
                "none"
              ],
              "type": "fill"
            }
          ],
          "measurement": "ax25_listen",
          "orderByTime": "ASC",
          "policy": "default",
          "refId": "A",
          "resultFormat": "time_series",
          "select": [
            [
              {
                "params": [
                  "length"
                ],
                "type": "field"
              },
              {
                "params": [],
                "type": "sum"
              }
            ]
          ],
          "tags": [
            {
              "key": "callsign",
              "operator": "=~",
              "value": "/^$callsign$/"
            }
          ]
        }
      ],
      "timeFrom": null,
      "timeShift": null,
      "title": "Bytes transfered",
      "type": "stat"
    },
    {
      "columns": [],
      "datasource": null,
      "description": "Traffic info for selected stations",
      "fontSize": "100%",
      "gridPos": {
        "h": 7,
        "w": 24,
        "x": 0,
        "y": 15
      },
      "id": 12,
      "pageSize": null,
      "repeat": "callsign",
      "repeatDirection": "v",
      "scopedVars": {
        "callsign": {
          "selected": false,
          "text": "K2RDX-10",
          "value": "K2RDX-10"
        }
      },
      "showHeader": true,
      "sort": {
        "col": 0,
        "desc": true
      },
      "styles": [
        {
          "alias": "Time",
          "align": "auto",
          "dateFormat": "YYYY-MM-DD HH:mm:ss",
          "pattern": "Time",
          "type": "date"
        },
        {
          "alias": "",
          "align": "right",
          "colorMode": null,
          "colors": [
            "rgba(245, 54, 54, 0.9)",
            "rgba(237, 129, 40, 0.89)",
            "rgba(50, 172, 45, 0.97)"
          ],
          "decimals": 0,
          "pattern": "/.*/",
          "thresholds": [],
          "type": "number",
          "unit": "short"
        }
      ],
      "targets": [
        {
          "groupBy": [],
          "measurement": "ax25_listen",
          "orderByTime": "ASC",
          "policy": "default",
          "refId": "A",
          "resultFormat": "table",
          "select": [
            [
              {
                "params": [
                  "callsign"
                ],
                "type": "field"
              }
            ],
            [
              {
                "params": [
                  "destination"
                ],
                "type": "field"
              }
            ],
            [
              {
                "params": [
                  "ax25path"
                ],
                "type": "field"
              }
            ],
            [
              {
                "params": [
                  "ctl"
                ],
                "type": "field"
              }
            ],
            [
              {
                "params": [
                  "ax25pid"
                ],
                "type": "field"
              }
            ],
            [
              {
                "params": [
                  "length"
                ],
                "type": "field"
              }
            ]
          ],
          "tags": [
            {
              "key": "callsign",
              "operator": "=~",
              "value": "/^$callsign$/"
            }
          ]
        }
      ],
      "timeFrom": null,
      "timeShift": null,
      "title": "Frames detail",
      "transform": "table",
      "type": "table"
    },
    {
      "columns": [],
      "datasource": null,
      "description": "Traffic info for selected stations",
      "fontSize": "100%",
      "gridPos": {
        "h": 7,
        "w": 24,
        "x": 0,
        "y": 22
      },
      "id": 21,
      "pageSize": null,
      "repeat": null,
      "repeatDirection": "v",
      "repeatIteration": 1589079830881,
      "repeatPanelId": 12,
      "scopedVars": {
        "callsign": {
          "selected": false,
          "text": "K6IXA-13",
          "value": "K6IXA-13"
        }
      },
      "showHeader": true,
      "sort": {
        "col": 0,
        "desc": true
      },
      "styles": [
        {
          "alias": "Time",
          "align": "auto",
          "dateFormat": "YYYY-MM-DD HH:mm:ss",
          "pattern": "Time",
          "type": "date"
        },
        {
          "alias": "",
          "align": "right",
          "colorMode": null,
          "colors": [
            "rgba(245, 54, 54, 0.9)",
            "rgba(237, 129, 40, 0.89)",
            "rgba(50, 172, 45, 0.97)"
          ],
          "decimals": 0,
          "pattern": "/.*/",
          "thresholds": [],
          "type": "number",
          "unit": "short"
        }
      ],
      "targets": [
        {
          "groupBy": [],
          "measurement": "ax25_listen",
          "orderByTime": "ASC",
          "policy": "default",
          "refId": "A",
          "resultFormat": "table",
          "select": [
            [
              {
                "params": [
                  "callsign"
                ],
                "type": "field"
              }
            ],
            [
              {
                "params": [
                  "destination"
                ],
                "type": "field"
              }
            ],
            [
              {
                "params": [
                  "ax25path"
                ],
                "type": "field"
              }
            ],
            [
              {
                "params": [
                  "ctl"
                ],
                "type": "field"
              }
            ],
            [
              {
                "params": [
                  "ax25pid"
                ],
                "type": "field"
              }
            ],
            [
              {
                "params": [
                  "length"
                ],
                "type": "field"
              }
            ]
          ],
          "tags": [
            {
              "key": "callsign",
              "operator": "=~",
              "value": "/^$callsign$/"
            }
          ]
        }
      ],
      "timeFrom": null,
      "timeShift": null,
      "title": "Frames detail",
      "transform": "table",
      "type": "table"
    },
    {
      "columns": [],
      "datasource": null,
      "description": "Traffic info for selected stations",
      "fontSize": "100%",
      "gridPos": {
        "h": 7,
        "w": 24,
        "x": 0,
        "y": 29
      },
      "id": 22,
      "pageSize": null,
      "repeat": null,
      "repeatDirection": "v",
      "repeatIteration": 1589079830881,
      "repeatPanelId": 12,
      "scopedVars": {
        "callsign": {
          "selected": false,
          "text": "KC6SSM-10",
          "value": "KC6SSM-10"
        }
      },
      "showHeader": true,
      "sort": {
        "col": 0,
        "desc": true
      },
      "styles": [
        {
          "alias": "Time",
          "align": "auto",
          "dateFormat": "YYYY-MM-DD HH:mm:ss",
          "pattern": "Time",
          "type": "date"
        },
        {
          "alias": "",
          "align": "right",
          "colorMode": null,
          "colors": [
            "rgba(245, 54, 54, 0.9)",
            "rgba(237, 129, 40, 0.89)",
            "rgba(50, 172, 45, 0.97)"
          ],
          "decimals": 0,
          "pattern": "/.*/",
          "thresholds": [],
          "type": "number",
          "unit": "short"
        }
      ],
      "targets": [
        {
          "groupBy": [],
          "measurement": "ax25_listen",
          "orderByTime": "ASC",
          "policy": "default",
          "refId": "A",
          "resultFormat": "table",
          "select": [
            [
              {
                "params": [
                  "callsign"
                ],
                "type": "field"
              }
            ],
            [
              {
                "params": [
                  "destination"
                ],
                "type": "field"
              }
            ],
            [
              {
                "params": [
                  "ax25path"
                ],
                "type": "field"
              }
            ],
            [
              {
                "params": [
                  "ctl"
                ],
                "type": "field"
              }
            ],
            [
              {
                "params": [
                  "ax25pid"
                ],
                "type": "field"
              }
            ],
            [
              {
                "params": [
                  "length"
                ],
                "type": "field"
              }
            ]
          ],
          "tags": [
            {
              "key": "callsign",
              "operator": "=~",
              "value": "/^$callsign$/"
            }
          ]
        }
      ],
      "timeFrom": null,
      "timeShift": null,
      "title": "Frames detail",
      "transform": "table",
      "type": "table"
    },
    {
      "columns": [],
      "datasource": null,
      "description": "Traffic info for selected stations",
      "fontSize": "100%",
      "gridPos": {
        "h": 7,
        "w": 24,
        "x": 0,
        "y": 36
      },
      "id": 23,
      "pageSize": null,
      "repeat": null,
      "repeatDirection": "v",
      "repeatIteration": 1589079830881,
      "repeatPanelId": 12,
      "scopedVars": {
        "callsign": {
          "selected": false,
          "text": "KE6AFE-10",
          "value": "KE6AFE-10"
        }
      },
      "showHeader": true,
      "sort": {
        "col": 0,
        "desc": true
      },
      "styles": [
        {
          "alias": "Time",
          "align": "auto",
          "dateFormat": "YYYY-MM-DD HH:mm:ss",
          "pattern": "Time",
          "type": "date"
        },
        {
          "alias": "",
          "align": "right",
          "colorMode": null,
          "colors": [
            "rgba(245, 54, 54, 0.9)",
            "rgba(237, 129, 40, 0.89)",
            "rgba(50, 172, 45, 0.97)"
          ],
          "decimals": 0,
          "pattern": "/.*/",
          "thresholds": [],
          "type": "number",
          "unit": "short"
        }
      ],
      "targets": [
        {
          "groupBy": [],
          "measurement": "ax25_listen",
          "orderByTime": "ASC",
          "policy": "default",
          "refId": "A",
          "resultFormat": "table",
          "select": [
            [
              {
                "params": [
                  "callsign"
                ],
                "type": "field"
              }
            ],
            [
              {
                "params": [
                  "destination"
                ],
                "type": "field"
              }
            ],
            [
              {
                "params": [
                  "ax25path"
                ],
                "type": "field"
              }
            ],
            [
              {
                "params": [
                  "ctl"
                ],
                "type": "field"
              }
            ],
            [
              {
                "params": [
                  "ax25pid"
                ],
                "type": "field"
              }
            ],
            [
              {
                "params": [
                  "length"
                ],
                "type": "field"
              }
            ]
          ],
          "tags": [
            {
              "key": "callsign",
              "operator": "=~",
              "value": "/^$callsign$/"
            }
          ]
        }
      ],
      "timeFrom": null,
      "timeShift": null,
      "title": "Frames detail",
      "transform": "table",
      "type": "table"
    },
    {
      "columns": [],
      "datasource": null,
      "description": "Traffic info for selected stations",
      "fontSize": "100%",
      "gridPos": {
        "h": 7,
        "w": 24,
        "x": 0,
        "y": 43
      },
      "id": 24,
      "pageSize": null,
      "repeat": null,
      "repeatDirection": "v",
      "repeatIteration": 1589079830881,
      "repeatPanelId": 12,
      "scopedVars": {
        "callsign": {
          "selected": false,
          "text": "W6JWS-3",
          "value": "W6JWS-3"
        }
      },
      "showHeader": true,
      "sort": {
        "col": 0,
        "desc": true
      },
      "styles": [
        {
          "alias": "Time",
          "align": "auto",
          "dateFormat": "YYYY-MM-DD HH:mm:ss",
          "pattern": "Time",
          "type": "date"
        },
        {
          "alias": "",
          "align": "right",
          "colorMode": null,
          "colors": [
            "rgba(245, 54, 54, 0.9)",
            "rgba(237, 129, 40, 0.89)",
            "rgba(50, 172, 45, 0.97)"
          ],
          "decimals": 0,
          "pattern": "/.*/",
          "thresholds": [],
          "type": "number",
          "unit": "short"
        }
      ],
      "targets": [
        {
          "groupBy": [],
          "measurement": "ax25_listen",
          "orderByTime": "ASC",
          "policy": "default",
          "refId": "A",
          "resultFormat": "table",
          "select": [
            [
              {
                "params": [
                  "callsign"
                ],
                "type": "field"
              }
            ],
            [
              {
                "params": [
                  "destination"
                ],
                "type": "field"
              }
            ],
            [
              {
                "params": [
                  "ax25path"
                ],
                "type": "field"
              }
            ],
            [
              {
                "params": [
                  "ctl"
                ],
                "type": "field"
              }
            ],
            [
              {
                "params": [
                  "ax25pid"
                ],
                "type": "field"
              }
            ],
            [
              {
                "params": [
                  "length"
                ],
                "type": "field"
              }
            ]
          ],
          "tags": [
            {
              "key": "callsign",
              "operator": "=~",
              "value": "/^$callsign$/"
            }
          ]
        }
      ],
      "timeFrom": null,
      "timeShift": null,
      "title": "Frames detail",
      "transform": "table",
      "type": "table"
    },
    {
      "columns": [],
      "datasource": null,
      "description": "Traffic info for selected stations",
      "fontSize": "100%",
      "gridPos": {
        "h": 7,
        "w": 24,
        "x": 0,
        "y": 50
      },
      "id": 25,
      "pageSize": null,
      "repeat": null,
      "repeatDirection": "v",
      "repeatIteration": 1589079830881,
      "repeatPanelId": 12,
      "scopedVars": {
        "callsign": {
          "selected": false,
          "text": "W6SCF-6",
          "value": "W6SCF-6"
        }
      },
      "showHeader": true,
      "sort": {
        "col": 0,
        "desc": true
      },
      "styles": [
        {
          "alias": "Time",
          "align": "auto",
          "dateFormat": "YYYY-MM-DD HH:mm:ss",
          "pattern": "Time",
          "type": "date"
        },
        {
          "alias": "",
          "align": "right",
          "colorMode": null,
          "colors": [
            "rgba(245, 54, 54, 0.9)",
            "rgba(237, 129, 40, 0.89)",
            "rgba(50, 172, 45, 0.97)"
          ],
          "decimals": 0,
          "pattern": "/.*/",
          "thresholds": [],
          "type": "number",
          "unit": "short"
        }
      ],
      "targets": [
        {
          "groupBy": [],
          "measurement": "ax25_listen",
          "orderByTime": "ASC",
          "policy": "default",
          "refId": "A",
          "resultFormat": "table",
          "select": [
            [
              {
                "params": [
                  "callsign"
                ],
                "type": "field"
              }
            ],
            [
              {
                "params": [
                  "destination"
                ],
                "type": "field"
              }
            ],
            [
              {
                "params": [
                  "ax25path"
                ],
                "type": "field"
              }
            ],
            [
              {
                "params": [
                  "ctl"
                ],
                "type": "field"
              }
            ],
            [
              {
                "params": [
                  "ax25pid"
                ],
                "type": "field"
              }
            ],
            [
              {
                "params": [
                  "length"
                ],
                "type": "field"
              }
            ]
          ],
          "tags": [
            {
              "key": "callsign",
              "operator": "=~",
              "value": "/^$callsign$/"
            }
          ]
        }
      ],
      "timeFrom": null,
      "timeShift": null,
      "title": "Frames detail",
      "transform": "table",
      "type": "table"
    }
  ],
  "refresh": "30s",
  "schemaVersion": 22,
  "style": "dark",
  "tags": [],
  "templating": {
    "list": [
      {
        "allValue": null,
        "current": {
          "text": "All",
          "value": [
            "$__all"
          ]
        },
        "datasource": "Telegraf",
        "definition": "SELECT distinct(\"callsign\") FROM (select * from  \"ax25_listen\" WHERE $timeFilter)",
        "hide": 0,
        "includeAll": true,
        "index": -1,
        "label": "Callsign",
        "multi": true,
        "name": "callsign",
        "options": [],
        "query": "SELECT distinct(\"callsign\") FROM (select * from  \"ax25_listen\" WHERE $timeFilter)",
        "refresh": 2,
        "regex": "",
        "skipUrlSync": false,
        "sort": 1,
        "tagValuesQuery": "",
        "tags": [],
        "tagsQuery": "",
        "type": "query",
        "useTags": false
      }
    ]
  },
  "time": {
    "from": "now-1h",
    "to": "now"
  },
  "timepicker": {
    "refresh_intervals": [
      "5s",
      "10s",
      "30s",
      "1m",
      "5m",
      "15m",
      "30m",
      "1h",
      "2h",
      "1d"
    ]
  },
  "timezone": "",
  "title": "AX25 By station",
  "uid": "ZEDKxRRRk",
  "variables": {
    "list": []
  },
  "version": 15
}
